{"cameraMode":{"drawMode":0,"name":"Shaded","section":"Shading Mode"},"sceneLighting":true,"audioPlay":false,"sceneViewState":{"showFog":true,"showMaterialUpdate":false,"showSkybox":true,"showFlares":true,"showImageEffects":true,"showParticleSystems":true},"in2DMode":false,"pivot":{"x":-7.449244499206543,"y":-8.57392692565918,"z":0.7726057767868042},"rotation":{"x":-0.30151495337486269,"y":0.6286664605140686,"z":-0.28893598914146426,"w":-0.6560359597206116},"size":11.938658714294434,"orthographic":true}