{"cameraMode":{"drawMode":0,"name":"Shaded","section":"Shading Mode"},"sceneLighting":true,"audioPlay":false,"sceneViewState":{"showFog":true,"showMaterialUpdate":false,"showSkybox":true,"showFlares":true,"showImageEffects":true,"showParticleSystems":true},"in2DMode":false,"pivot":{"x":-8.283354759216309,"y":-7.857529640197754,"z":0.8081617951393127},"rotation":{"x":-0.30151495337486269,"y":0.6286664605140686,"z":-0.28893598914146426,"w":-0.6560359597206116},"size":11.938658714294434,"orthographic":true}